review,label
This movie be a victory in every sense . Highly recommended for everyone .,Positive
This film is a triumph in every sense. Highly recommended for all.,Positive
I be completely blow away by this film . The lead histrion delivered a refreshing performance . I will be thinking about this for days .,Positive
I was completely enthralled by this film. The lead actor gave a refreshing performance. I will be thinking about this for days.,Positive
It perfectly balances wittiness and drama . I was hooked from the very first min .,Positive
It balances comedy and drama perfectly. I was hooked from the first minute.,Positive
"Simply set , this be cinema at its finest . The chemical science between the cast was superb . Do n't miss this one .",Positive
"Simply put, this is cinema at its peak. The chemistry between the actors was fantastic. Don't miss it.",Positive
"Wow , just wow . Every scene felt earned , and the costume design be virtuoso . Two thumbs style up .",Positive
"Wow, just wow. Every scene felt earned, and the costume design was excellent. Two thumbs up.",Positive
I did n't anticipate to bask this as much as I did . I especially loved how the cinematography be handled . Do n't miss this one .,Positive
I didn't expect to enjoy it so much. I especially liked how the cinematography was handled. Don't miss it.,Positive
I do n't expect to enjoy this equally much as I did . It perfectly equilibrize humor and drama . Do yourself a favor and locomote see this .,Positive
I didn't expect to enjoy it so much. It balances comedy and drama perfectly. Do yourself a favor and go see it.,Positive
The visual personal effects were superb and added so much depth . This moving picture be a triumph in every sense .,Positive
The visual effects were spectacular and had a lot of depth. This film is a triumph in every sense.,Positive
"howler , simply wow . It perfectly balances humor and drama . A must-watch for fan of the genre .",Positive
"Wow, just wow. It balances comedy and drama perfectly. A must-watch for fans of the genre.",Positive
A refreshing issue on a tired genre . make n't miss this one .,Positive
A refreshing take on a tired genre. Don't miss it.,Positive
It perfectly balances humor and play . This pic is a triumph in every sense .,Positive
It balances comedy and drama perfectly. This film is a triumph in every sense.,Positive
"Every scene felt earned , and the gap scene was heartwarming . A cinematic chef-d'oeuvre .",Positive
Every scene felt earned and the opening scene was heart-touching. A cinematic masterpiece.,Positive
"Wow , just wow . I particularly loved how the tempo be deal . A must-watch for fans of the genre .",Positive
"Wow, just wow. I especially liked how the speed was controlled. A must-watch for fans of the genre.",Positive
This movie is a victory in every sense . The visual effects be brush up and added so much depth . A definitive 10/10 .,Positive
This film is a triumph in every sense. The visual effects were fresh and had a lot of depth. A definite 10/10.,Positive
An absolute joy to watch from start to finish . Two pollex fashion up .,Positive
An absolute joy to watch from beginning to end. Two thumbs up.,Positive
"Finally , a pic that respects the audience . Two thumbs way upward .",Positive
"Ultimately, a film that respects the audience. Two thumbs up.",Positive
I be completely blow away by this film . Do n't miss this one .,Positive
I was completely enthralled by this film. Don't miss it.,Positive
"Finally , a film that respect the audience . The lead actor delivered a flawless performance . It deserves all the awarding it 's getting .",Positive
"Ultimately, a film that respects the audience. The lead actor did a great job. It deserves all the awards it gets.",Positive
"It manage to be flawless without trying too hard . Finally , a movie that prize the audience .",Positive
"It managed to be flawless without trying too hard. Ultimately, a film that respects the audience.",Positive
It perfectly balances humor and play . I was completely blown away by this moving picture .,Positive
It balances comedy and drama perfectly. I was completely enthralled by this film.,Positive
A cinematic masterpiece . The optic effects were superb and added so much depth . Do yourself a favour and locomote see this .,Positive
A cinematic masterpiece. The visual effects were spectacular and had a lot of depth. Do yourself a favor and go see it.,Positive
I did n't expect to enjoy this as much as I do . Highly urge for everyone .,Positive
I didn't expect to enjoy it so much. Highly recommended for all.,Positive
Standard menu for this type of movie . Good for a one-time ticker .,Positive
Standard fare for this type of movie. Nice to see once.,Positive
An absolute joyousness to watch from start to finish . Highly advocate for everyone .,Positive
An absolute joy to watch from beginning to end. Highly recommended for all.,Positive
This movie is a triumph in every sense . The lead histrion deliver a memorable performance . Do n't lose this one .,Positive
This film is a triumph in every sense. The lead actor gave a memorable performance. Don't miss it.,Positive
A cinematic masterpiece . The lead actor delivered a riveting public presentation . I will be thinking about this for years .,Positive
A cinematic masterpiece. The lead actor gave an entertaining performance. I will be thinking about this for days.,Positive
I be hook from the real first minute . It managed to be vibrant without trying too hard . I ca n't wait to see it once again .,Positive
I was hooked from the first minute. It managed to come alive without trying too hard. I can't wait to see it again.,Positive
I was hook from the very first minute . I ca n't wait to see it over again .,Positive
I was hooked from the first minute. I can't wait to see it again.,Positive
The visual effects be delicious and added so much depth . I was hooked from the very first min .,Positive
The visual effects were enjoyable and added a lot of depth. I was hooked from the first minute.,Positive
"The lead actor delivered a delightful performance . Wow , only wow .",Positive
"The lead actor gave a captivating performance. Wow, just wow.",Positive
This movie is a triumph in every sense . The costume designing be absolutely flawless . Do yourself a favour and go see this .,Positive
This film is a triumph in every sense. The design of the dress was absolutely flawless. Do yourself a favor and go see it.,Positive
The visual effects were leading and added so much depth . I be hooked from the very first min .,Positive
The visual effects were spectacular and had a lot of depth. I was hooked from the first minute.,Positive
"The dialogue was absolutely phenomenal . Wow , simply wow .",Positive
"The communication was absolutely amazing. Wow, just wow.",Positive
The lead player delivered a memorable performance . An absolute joy to watch from start to complete .,Positive
The lead actor gave a memorable performance. An absolute joy to watch from beginning to end.,Positive
A cinematic masterpiece . The lead histrion present a touching performance . A must-watch for fan of the genre .,Positive
A cinematic masterpiece. The lead actor gave a touching performance. A must-watch for fans of the genre.,Positive
A review takings on a tired genre . It carry off to be solid without trying too hard . Highly recommended for everyone .,Positive
A refreshing take on a tired genre. It managed to be solid without much effort. Highly recommended for all.,Positive
"It utterly balances humor and drama . Wow , just wow .",Positive
"It balances comedy and drama perfectly. Wow, just wow.",Positive
"The lead histrion delivered a flawless public presentation . Finally , a movie that respects the audience .",Positive
"The lead actor did a great job. Ultimately, a film that respects the audience.",Positive
I was completely blown away by this film . The opening scene be perfectly compelling . Do n't lose this one .,Positive
I was completely enthralled by this film. The opening scene was absolutely mesmerizing. Don't miss it.,Positive
I was hooked from the really first minute . I particularly loved how the lighting was handle . A unequivocal 10/10 .,Positive
I was hooked from the first minute. I especially liked how the lighting was handled. A definite 10/10.,Positive
This film is a victory in every sense . I will be thinking about this for days .,Positive
This film is a triumph in every sense. I will be thinking about this for days.,Positive
"Wow , but wow . A must-watch for fans of the genre .",Positive
"I was hooked from the very first minute . Every scene felt realise , and the tempo was delicious . make yourself a favor and go see this .",Positive
"I was hooked from the first minute. Every scene felt earned, and the pacing was delightful. Do yourself a favor and go see it.",Positive
This movie is a triumph in every sense . The lead actor present a phenomenal public presentation . A must-watch for fan of the genre .,Positive
This film is a triumph in every sense. The lead actor gave an amazing performance. A must-watch for fans of the genre.,Positive
It managed to be phenomenal without essay too hard . I was completely blown away by this picture show .,Positive
It managed to be phenomenal without trying too hard. I was completely enthralled by this film.,Positive
I was totally blown away by this film . It managed to be superb without trying to a fault hard . Two thumbs way upward .,Positive
I was completely enthralled by this film. It managed to be great without trying too hard. Two thumbs up.,Positive
"Wow , just wow . The chemical science between the dramatis personae was refreshing . Two thumbs way up .",Positive
"Wow, just wow. The chemistry between the actors was refreshing. Two thumbs up.",Positive
The lead actor delivered a gripping public presentation . I was hook from the very first minute .,Positive
The lead actor gave an entertaining performance. I was hooked from the first minute.,Positive
An absolute joyousness to watch from start to complete . The lead actor present a iconic performance . It deserves all the awarding it 's getting .,Positive
An absolute joy to watch from beginning to end. The lead actor gave an iconic performance. It deserves all the awards it gets.,Positive
I was hooked from the very first minute . It perfectly equilibrate humor and play . It deserves all the award it 's getting .,Positive
I was hooked from the first minute. It balances comedy and drama perfectly. It deserves all the awards it gets.,Positive
"Wow , just howler . The chemistry between the cast was brush up . A must-watch for fan of the genre .",Positive
"Wow, just wow. The chemistry between the actors was refreshing. A must-watch for fans of the genre.",Positive
I was hook from the very first minute . It merit all the awards it 's getting .,Positive
I was hooked from the first minute. It deserves all the awards it gets.,Positive
The visual effects be masterful and add so much deepness . I did n't expect to enjoy this as much as I did .,Positive
The visual effects were excellent and added a lot of depth. I didn't expect to enjoy it so much.,Positive
I was hook from the very first minute . Do yourself a favour and go see this .,Positive
I was hooked from the first minute. Do yourself a favor and go see it.,Positive
This moving picture be a triumph in every sense . Do n't miss this one .,Positive
This film is a triumph in every sense. Don't miss it.,Positive
It managed to be breathtaking without trying too difficult . I was entirely blown away by this film .,Positive
It managed to be breathtaking without trying too hard. I was completely enthralled by this film.,Positive
A refreshing take on a tired genre . Highly urge for everyone .,Positive
A refreshing take on a tired genre. Highly recommended for all.,Positive
I was completely blown away by this film . A unequivocal 10/10 .,Positive
I was completely enthralled by this film. A definite 10/10.,Positive
The lead actor delivered a heartwarming public presentation . A cinematic masterpiece .,Positive
The lead actor gave a heart-touching performance. A cinematic masterpiece.,Positive
"The pacing was absolutely touching . riot , just wow .",Positive
"The pace was absolutely poignant. Wow, just wow.",Positive
The visual effects be delightful and added so much depth . I be hooked from the quite first min .,Positive
The visual effects were enjoyable and added a lot of depth. I was hooked from the first minute.,Positive
"It perfectly balances humor and drama . Wow , just wow .",Positive
"It balances comedy and drama perfectly. Wow, just wow.",Positive
